step_time,reward,total_stopped,total_wait_time,gneJ00_passed,gneJ9_passed
1.0,0,0,0.0,0,0
5.0,0,0,0.0,0,0
9.0,0,0,0.0,0,0
13.0,0,0,0.0,0,0
17.0,0,0,0.0,0,0
21.0,0,0,0.0,0,0
25.0,0,0,0.0,0,0
29.0,0,0,0.0,1,2
33.0,0,3,10.0,1,2
37.0,0,3,23.0,3,2
41.0,0,4,39.0,3,2
45.0,0,4,55.0,4,2
49.0,0,5,72.0,4,2
53.0,0,5,92.0,5,2
57.0,0,4,87.0,6,2
61.0,0,6,87.0,7,3
65.0,0,7,105.0,8,4
69.0,0,8,133.0,8,7
73.0,0,8,165.0,9,8
77.0,0,7,179.0,10,9
81.0,0,7,207.0,11,9
85.0,0,8,238.0,12,12
89.0,0,12,279.0,12,13
93.0,0,8,192.0,13,13
97.0,0,9,161.0,16,15
101.0,0,9,197.0,18,17
105.0,0,13,245.0,18,19
109.0,0,15,299.0,18,20
113.0,0,15,358.0,18,20
117.0,0,17,425.0,19,20
121.0,0,19,437.0,19,20
125.0,0,24,524.0,20,20
129.0,0,28,496.0,21,20
133.0,0,25,525.0,21,22
137.0,0,25,541.0,21,24
141.0,0,21,551.0,23,26
145.0,0,20,567.0,25,27
149.0,0,15,575.0,29,27
153.0,0,17,542.0,31,27
157.0,0,17,571.0,34,27
161.0,0,13,446.0,37,28
165.0,0,14,447.0,40,31
169.0,0,14,482.0,42,31
173.0,0,14,535.0,43,31
177.0,0,14,436.0,45,32
181.0,0,13,439.0,46,34
185.0,0,13,446.0,48,37
189.0,0,12,434.0,49,39
193.0,0,10,290.0,51,43
197.0,0,7,251.0,53,44
201.0,0,8,264.0,55,48
205.0,0,8,293.0,56,50
209.0,0,6,198.0,56,52
213.0,0,9,170.0,58,53
217.0,0,10,208.0,60,54
221.0,0,11,250.0,62,56
225.0,0,12,295.0,62,59
229.0,0,13,344.0,62,60
233.0,0,13,399.0,62,63
237.0,0,15,458.0,63,63
241.0,0,19,441.0,63,63
245.0,0,26,501.0,65,63
249.0,0,25,461.0,65,63
253.0,0,27,418.0,65,65
257.0,0,24,487.0,67,68
261.0,0,20,514.0,69,69
265.0,0,19,496.0,72,69
269.0,0,18,507.0,74,70
273.0,0,17,505.0,78,70
277.0,0,15,498.0,81,70
281.0,0,15,482.0,84,72
285.0,0,17,504.0,87,74
289.0,0,18,555.0,89,74
293.0,0,14,513.0,92,74
297.0,0,12,468.0,94,78
301.0,0,11,383.0,95,80
305.0,0,11,384.0,96,82
309.0,0,12,419.0,98,86
313.0,0,8,313.0,99,88
317.0,0,10,289.0,102,91
321.0,0,11,332.0,104,93
325.0,0,12,379.0,104,96
329.0,0,8,228.0,106,97
333.0,0,10,225.0,109,100
337.0,0,11,265.0,111,101
341.0,0,12,310.0,111,103
345.0,0,13,361.0,111,104
349.0,0,16,420.0,111,105
353.0,0,20,491.0,111,106
357.0,0,19,487.0,112,106
361.0,0,24,531.0,113,106
365.0,0,29,561.0,115,106
369.0,0,28,521.0,115,108
373.0,0,27,525.0,115,110
377.0,0,24,557.0,118,112
381.0,0,23,538.0,121,112
385.0,0,20,571.0,124,112
389.0,0,17,566.0,126,113
393.0,0,18,588.0,129,114
397.0,0,16,502.0,132,114
401.0,0,15,519.0,135,117
405.0,0,16,509.0,138,118
409.0,0,16,569.0,140,119
413.0,0,9,457.0,142,120
417.0,0,8,395.0,143,123
421.0,0,8,309.0,145,126
425.0,0,10,279.0,146,128
429.0,0,10,239.0,147,130
433.0,0,9,271.0,148,133
437.0,0,10,301.0,149,136
441.0,0,11,343.0,149,138
445.0,0,8,245.0,149,140
449.0,0,9,209.0,151,143
453.0,0,12,226.0,153,145
457.0,0,13,276.0,155,146
461.0,0,16,334.0,156,148
465.0,0,19,406.0,156,150
469.0,0,20,484.0,156,152
473.0,0,23,495.0,156,152
477.0,0,24,538.0,157,152
481.0,0,30,648.0,159,152
485.0,0,31,644.0,159,152
489.0,0,29,618.0,159,155
493.0,0,28,686.0,161,157
497.0,0,28,693.0,163,158
501.0,0,25,711.0,166,158
505.0,0,23,701.0,169,158
509.0,0,19,723.0,172,159
513.0,0,18,618.0,175,159
517.0,0,18,629.0,179,161
521.0,0,19,652.0,181,163
525.0,0,19,694.0,184,163
529.0,0,16,655.0,187,163
533.0,0,12,614.0,188,165
537.0,0,13,581.0,189,167
541.0,0,14,562.0,191,171
545.0,0,14,536.0,192,173
549.0,0,9,393.0,193,176
553.0,0,9,346.0,197,180
557.0,0,10,342.0,197,182
561.0,0,11,367.0,199,184
565.0,0,7,255.0,199,187
569.0,0,9,207.0,202,188
573.0,0,11,223.0,204,190
577.0,0,12,268.0,206,192
581.0,0,14,321.0,206,194
585.0,0,14,378.0,206,195
589.0,0,16,439.0,206,196
593.0,0,16,425.0,206,196
597.0,0,21,480.0,208,196
601.0,0,23,509.0,208,196
605.0,0,27,509.0,208,198
609.0,0,30,504.0,208,200
613.0,0,26,546.0,211,201
617.0,0,23,574.0,214,202
621.0,0,20,567.0,216,202
625.0,0,18,592.0,220,203
629.0,0,18,606.0,222,203
633.0,0,15,584.0,225,204
637.0,0,17,570.0,228,206
641.0,0,17,602.0,231,208
645.0,0,19,665.0,233,208
649.0,0,14,554.0,234,210
653.0,0,10,492.0,235,211
657.0,0,12,442.0,237,214
661.0,0,12,445.0,238,216
665.0,0,11,461.0,240,218
669.0,0,8,322.0,241,220
673.0,0,10,319.0,243,223
677.0,0,12,353.0,245,226
681.0,0,9,241.0,245,229
685.0,0,9,188.0,247,231
689.0,0,11,196.0,250,233
693.0,0,13,247.0,251,235
697.0,0,15,307.0,252,237
701.0,0,16,368.0,252,239
705.0,0,17,433.0,252,241
709.0,0,19,508.0,253,241
713.0,0,24,491.0,254,241
717.0,0,27,591.0,255,241
721.0,0,27,571.0,256,241
725.0,0,26,524.0,256,244
729.0,0,26,553.0,258,247
733.0,0,25,573.0,262,247
737.0,0,21,557.0,264,247
741.0,0,19,579.0,266,247
745.0,0,17,582.0,269,248
749.0,0,15,524.0,271,249
753.0,0,15,512.0,275,251
757.0,0,16,544.0,278,252
761.0,0,16,595.0,281,253
765.0,0,13,544.0,283,253
769.0,0,7,479.0,285,256
773.0,0,7,421.0,287,257
777.0,0,6,324.0,288,260
781.0,0,8,326.0,289,262
785.0,0,7,232.0,290,266
789.0,0,9,200.0,291,268
793.0,0,9,226.0,293,272
797.0,0,10,266.0,293,274
801.0,0,6,168.0,295,277
805.0,0,7,133.0,297,278
809.0,0,9,143.0,298,280
813.0,0,11,185.0,298,282
817.0,0,14,238.0,298,283
821.0,0,17,300.0,299,286
825.0,0,19,375.0,300,286
829.0,0,19,408.0,300,286
833.0,0,24,499.0,301,286
837.0,0,27,496.0,301,286
841.0,0,30,558.0,302,288
845.0,0,30,588.0,302,290
849.0,0,27,625.0,305,291
853.0,0,25,641.0,308,292
857.0,0,24,680.0,310,292
861.0,0,20,672.0,313,292
865.0,0,19,725.0,315,293
869.0,0,15,613.0,318,294
873.0,0,17,621.0,320,296
877.0,0,18,647.0,323,298
881.0,0,19,704.0,326,298
885.0,0,11,645.0,328,299
889.0,0,8,492.0,329,302
893.0,0,8,446.0,330,304
897.0,0,11,405.0,332,308
901.0,0,11,441.0,333,310
905.0,0,11,312.0,333,313
909.0,0,10,282.0,336,316
913.0,0,11,290.0,338,319
917.0,0,11,199.0,338,320
921.0,0,8,161.0,340,322
925.0,0,9,180.0,343,323
929.0,0,15,231.0,345,325
933.0,0,16,294.0,345,328
937.0,0,19,364.0,345,330
941.0,0,20,440.0,345,331
945.0,0,20,521.0,345,331
949.0,0,25,542.0,346,331
953.0,0,30,649.0,347,331
957.0,0,27,642.0,347,331
961.0,0,30,618.0,347,334
965.0,0,30,680.0,348,337
969.0,0,27,692.0,351,337
973.0,0,22,718.0,353,337
977.0,0,20,697.0,356,337
981.0,0,17,710.0,359,337
985.0,0,16,694.0,361,338
989.0,0,14,632.0,364,340
993.0,0,16,638.0,368,342
997.0,0,17,680.0,370,342
1001.0,0,14,588.0,373,342
1005.0,0,12,528.0,375,345
1009.0,0,11,457.0,376,347
1013.0,0,9,454.0,377,349
1017.0,0,11,445.0,379,350
1021.0,0,8,312.0,380,352
1025.0,0,8,278.0,382,353
1029.0,0,9,280.0,383,354
1033.0,0,11,320.0,384,356
1037.0,0,9,212.0,384,359
1041.0,0,12,171.0,388,361
1045.0,0,13,202.0,390,362
1049.0,0,17,263.0,391,363
1053.0,0,20,339.0,391,365
1057.0,0,21,425.0,391,367
1061.0,0,25,521.0,391,367
1065.0,0,28,602.0,391,367
1069.0,0,31,711.0,392,367
1073.0,0,35,722.0,393,367
1077.0,0,38,804.0,393,369
1081.0,0,37,859.0,394,371
1085.0,0,35,923.0,396,373
1089.0,0,32,909.0,400,373
1093.0,0,29,959.0,404,373
1097.0,0,29,992.0,406,373
1101.0,0,25,1013.0,408,373
1105.0,0,22,978.0,412,375
1109.0,0,24,984.0,414,376
1113.0,0,27,1058.0,417,377
1117.0,0,28,1150.0,420,377
1121.0,0,23,1100.0,421,377
1125.0,0,18,1058.0,422,379
1129.0,0,15,964.0,424,383
1133.0,0,13,938.0,425,386
1137.0,0,11,758.0,427,388
1141.0,0,8,498.0,429,392
1145.0,0,11,424.0,430,395
1149.0,0,13,376.0,431,397
1153.0,0,11,270.0,432,399
1157.0,0,11,217.0,434,401
1161.0,0,11,233.0,437,403
1165.0,0,12,281.0,439,405
1169.0,0,16,340.0,439,406
1173.0,0,20,412.0,439,407
1177.0,0,21,494.0,439,408
1181.0,0,26,592.0,440,408
1185.0,0,32,680.0,441,408
1189.0,0,34,813.0,441,408
1193.0,0,31,788.0,441,408
1197.0,0,33,741.0,441,411
1201.0,0,30,753.0,443,413
1205.0,0,29,859.0,446,414
1209.0,0,27,854.0,448,415
1213.0,0,26,835.0,451,416
1217.0,0,25,922.0,453,416
1221.0,0,25,863.0,456,416
1225.0,0,24,937.0,458,418
1229.0,0,26,1012.0,462,420
1233.0,0,28,1073.0,465,421
1237.0,0,24,1052.0,467,422
1241.0,0,20,993.0,468,424
1245.0,0,17,963.0,469,426
1249.0,0,14,914.0,471,428
1253.0,0,12,809.0,472,432
1257.0,0,10,606.0,473,434
1261.0,0,10,478.0,475,437
1265.0,0,12,447.0,477,441
1269.0,0,13,464.0,479,443
1273.0,0,9,331.0,480,447
1277.0,0,11,271.0,483,449
1281.0,0,13,317.0,484,450
1285.0,0,14,367.0,486,453
1289.0,0,16,423.0,486,454
1293.0,0,20,493.0,486,456
1297.0,0,22,579.0,486,457
1301.0,0,24,581.0,486,457
1305.0,0,25,625.0,488,457
1309.0,0,26,616.0,489,457
1313.0,0,26,610.0,490,458
1317.0,0,27,597.0,490,462
1321.0,0,29,644.0,492,463
1325.0,0,26,686.0,494,464
1329.0,0,24,727.0,498,464
1333.0,0,25,767.0,500,464
1337.0,0,23,782.0,502,464
1341.0,0,22,809.0,505,465
1345.0,0,21,801.0,508,467
1349.0,0,25,874.0,511,468
1353.0,0,26,947.0,514,469
1357.0,0,20,913.0,516,469
1361.0,0,18,849.0,519,471
1365.0,0,17,819.0,521,475
1369.0,0,13,743.0,522,477
1373.0,0,10,604.0,524,479
1377.0,0,6,517.0,525,482
1381.0,0,10,499.0,528,485
1385.0,0,10,439.0,528,487
1389.0,0,8,308.0,528,490
1393.0,0,8,226.0,530,491
1397.0,0,10,221.0,533,493
1401.0,0,11,273.0,534,494
1405.0,0,16,318.0,535,496
1409.0,0,17,379.0,535,498
1413.0,0,25,462.0,535,499
1417.0,0,25,543.0,535,499
1421.0,0,28,644.0,536,499
1425.0,0,32,774.0,537,499
1429.0,0,31,754.0,537,499
1433.0,0,33,718.0,537,502
1437.0,0,31,794.0,539,504
1441.0,0,27,821.0,541,506
1445.0,0,28,809.0,543,506
1449.0,0,24,845.0,546,506
1453.0,0,25,892.0,549,506
1457.0,0,21,842.0,551,506
1461.0,0,24,888.0,554,508
1465.0,0,26,952.0,557,510
1469.0,0,26,1000.0,560,510
1473.0,0,26,1007.0,562,510
1477.0,0,21,955.0,563,512
1481.0,0,15,900.0,564,515
1485.0,0,14,870.0,565,518
1489.0,0,13,792.0,567,520
1493.0,0,9,602.0,567,524
1497.0,0,8,542.0,569,526
1501.0,0,11,505.0,571,529
1505.0,0,14,518.0,571,531
1509.0,0,10,345.0,572,533
1513.0,0,13,317.0,575,534
1517.0,0,15,355.0,577,535
1521.0,0,17,416.0,577,537
1525.0,0,18,484.0,578,540
1529.0,0,22,563.0,578,542
1533.0,0,25,655.0,578,543
1537.0,0,24,676.0,578,543
1541.0,0,29,760.0,580,543
1545.0,0,30,727.0,580,543
1549.0,0,29,758.0,580,545
1553.0,0,28,750.0,580,547
1557.0,0,27,771.0,582,549
1561.0,0,27,754.0,586,550
1565.0,0,25,792.0,588,550
1569.0,0,22,809.0,590,550
1573.0,0,25,834.0,593,550
1577.0,0,22,823.0,596,551
1581.0,0,23,851.0,599,552
1585.0,0,25,932.0,602,554
1589.0,0,26,1051.0,605,555
1593.0,0,21,986.0,607,556
1597.0,0,17,927.0,609,559
1601.0,0,15,897.0,610,561
1605.0,0,14,836.0,612,564
1609.0,0,9,804.0,613,567
1613.0,0,9,660.0,615,570
1617.0,0,11,613.0,616,573
1621.0,0,14,573.0,618,575
1625.0,0,11,443.0,619,576
1629.0,0,12,394.0,621,579
1633.0,0,12,404.0,623,580
1637.0,0,14,456.0,625,583
1641.0,0,17,516.0,625,584
1645.0,0,20,587.0,627,585
1649.0,0,20,670.0,627,586
1653.0,0,26,763.0,627,586
1657.0,0,28,741.0,628,586
1661.0,0,30,861.0,629,586
1665.0,0,29,833.0,630,586
1669.0,0,29,821.0,630,589
1673.0,0,28,844.0,632,592
1677.0,0,27,822.0,634,593
1681.0,0,25,764.0,636,594
1685.0,0,25,785.0,639,594
1689.0,0,23,801.0,641,594
1693.0,0,23,867.0,645,594
1697.0,0,22,846.0,647,595
1701.0,0,23,841.0,651,596
1705.0,0,23,918.0,653,598
1709.0,0,21,895.0,655,599
1713.0,0,17,820.0,656,601
1717.0,0,12,801.0,658,604
1721.0,0,12,698.0,659,607
1725.0,0,11,616.0,660,609
1729.0,0,8,538.0,661,612
1733.0,0,7,508.0,663,615
1737.0,0,7,465.0,664,617
1741.0,0,10,469.0,665,620
1745.0,0,6,308.0,667,622
1749.0,0,10,316.0,669,624
1753.0,0,12,351.0,670,626
1757.0,0,14,394.0,671,628
1761.0,0,17,451.0,671,630
1765.0,0,19,520.0,671,632
1769.0,0,24,610.0,672,633
1773.0,0,25,680.0,672,633
1777.0,0,30,781.0,674,633
1781.0,0,30,837.0,675,633
1785.0,0,32,834.0,675,635
1789.0,0,29,832.0,675,637
1793.0,0,26,842.0,678,639
1797.0,0,29,779.0,681,640
1801.0,0,27,808.0,684,640
1805.0,0,25,854.0,687,640
1809.0,0,25,839.0,690,640
1813.0,0,20,800.0,692,641
1817.0,0,21,831.0,695,643
1821.0,0,21,885.0,698,644
1825.0,0,25,952.0,701,644
1829.0,0,19,797.0,703,646
1833.0,0,15,803.0,705,648
1837.0,0,12,729.0,706,651
1841.0,0,13,669.0,708,653
1845.0,0,8,487.0,709,656
1849.0,0,7,376.0,711,659
1853.0,0,8,371.0,712,662
1857.0,0,10,369.0,713,665
1861.0,0,8,259.0,713,666
1865.0,0,10,260.0,715,669
1869.0,0,12,259.0,717,671
1873.0,0,15,312.0,719,672
1877.0,0,17,374.0,719,673
1881.0,0,17,441.0,719,676
1885.0,0,20,518.0,719,677
1889.0,0,22,533.0,720,677
1893.0,0,27,615.0,721,677
1897.0,0,31,732.0,722,677
1901.0,0,31,718.0,722,677
1905.0,0,31,735.0,722,679
1909.0,0,28,692.0,724,682
1913.0,0,28,732.0,726,683
1917.0,0,23,745.0,730,684
1921.0,0,21,719.0,732,684
1925.0,0,25,785.0,736,684
1929.0,0,22,770.0,738,684
1933.0,0,22,760.0,740,686
1937.0,0,23,803.0,743,687
1941.0,0,24,890.0,746,688
1945.0,0,21,896.0,749,688
1949.0,0,16,779.0,750,691
1953.0,0,17,805.0,751,693
1957.0,0,14,700.0,753,695
1961.0,0,12,660.0,755,699
1965.0,0,8,466.0,755,702
1969.0,0,8,370.0,758,705
1973.0,0,10,377.0,760,708
1977.0,0,13,420.0,760,710
1981.0,0,10,326.0,761,712
1985.0,0,12,290.0,765,714
1989.0,0,15,339.0,767,716
1993.0,0,17,397.0,767,717
1997.0,0,20,469.0,767,718
2001.0,0,21,547.0,767,721
2005.0,0,24,638.0,768,721
2009.0,0,28,676.0,769,721
2013.0,0,32,757.0,770,721
2017.0,0,32,803.0,771,721
2021.0,0,33,783.0,772,723
2025.0,0,29,792.0,772,726
2029.0,0,27,791.0,775,727
2033.0,0,26,822.0,777,727
2037.0,0,23,797.0,780,727
2041.0,0,22,824.0,783,728
2045.0,0,24,825.0,786,729
2049.0,0,21,751.0,790,731
2053.0,0,21,734.0,792,732
2057.0,0,21,768.0,794,733
2061.0,0,21,807.0,798,734
2065.0,0,16,778.0,799,734
2069.0,0,16,686.0,801,737
2073.0,0,13,628.0,802,740
2077.0,0,12,539.0,803,742
2081.0,0,9,420.0,805,746
2085.0,0,7,387.0,807,749
2089.0,0,9,373.0,808,751
2093.0,0,10,324.0,808,754
2097.0,0,10,213.0,808,756
2101.0,0,12,220.0,809,757
2105.0,0,13,242.0,812,760
2109.0,0,16,295.0,813,761
2113.0,0,18,360.0,814,762
2117.0,0,21,442.0,814,765
2121.0,0,25,538.0,814,767
2125.0,0,26,644.0,815,767
2129.0,0,31,724.0,816,767
2133.0,0,35,841.0,817,767
2137.0,0,31,852.0,818,767
2141.0,0,34,928.0,818,769
2145.0,0,32,927.0,819,772
2149.0,0,30,959.0,822,773
2153.0,0,25,963.0,825,773
2157.0,0,24,947.0,827,774
2161.0,0,25,975.0,830,774
2165.0,0,22,923.0,833,774
2169.0,0,23,870.0,835,776
2173.0,0,23,935.0,839,778
2177.0,0,24,932.0,841,778
2181.0,0,21,908.0,844,778
2185.0,0,17,855.0,846,780
2189.0,0,16,821.0,847,783
2193.0,0,14,736.0,849,786
2197.0,0,12,730.0,850,789
2201.0,0,9,524.0,850,792
2205.0,0,7,450.0,852,796
2209.0,0,9,409.0,854,797
2213.0,0,10,422.0,855,799
2217.0,0,7,246.0,857,800
2221.0,0,9,275.0,859,802
2225.0,0,12,293.0,861,804
2229.0,0,14,340.0,861,805
2233.0,0,19,396.0,861,808
2237.0,0,19,470.0,861,809
2241.0,0,26,563.0,861,810
2245.0,0,26,605.0,861,810
2249.0,0,30,715.0,862,810
2253.0,0,31,680.0,863,810
2257.0,0,32,738.0,864,812
2261.0,0,31,763.0,864,814
2265.0,0,28,767.0,867,816
2269.0,0,26,797.0,869,816
2273.0,0,24,819.0,873,816
2277.0,0,21,824.0,875,816
2281.0,0,25,846.0,878,817
2285.0,0,22,786.0,881,818
2289.0,0,22,822.0,883,819
2293.0,0,23,900.0,887,821
2297.0,0,24,985.0,889,822
2301.0,0,19,954.0,890,822
2305.0,0,15,898.0,892,826
2309.0,0,14,783.0,894,828
2313.0,0,14,731.0,895,831
2317.0,0,11,668.0,896,834
2321.0,0,9,546.0,898,837
2325.0,0,10,507.0,899,840
2329.0,0,12,443.0,902,842
2333.0,0,12,345.0,902,843
2337.0,0,11,299.0,904,846
2341.0,0,14,328.0,907,848
2345.0,0,16,389.0,909,849
2349.0,0,17,454.0,909,851
2353.0,0,18,524.0,909,853
2357.0,0,19,603.0,909,855
2361.0,0,23,692.0,909,855
2365.0,0,24,688.0,910,855
2369.0,0,28,798.0,911,855
2373.0,0,29,782.0,912,855
2377.0,0,28,822.0,912,859
2381.0,0,28,842.0,912,861
2385.0,0,27,865.0,916,861
2389.0,0,25,819.0,918,861
2393.0,0,21,853.0,921,861
2397.0,0,26,827.0,923,862
2401.0,0,22,800.0,926,863
2405.0,0,22,781.0,929,865
2409.0,0,22,853.0,931,866
2413.0,0,24,889.0,935,867
2417.0,0,21,862.0,938,867
2421.0,0,16,815.0,940,869
2425.0,0,12,775.0,942,872
2429.0,0,13,710.0,943,874
2433.0,0,15,694.0,945,877
2437.0,0,9,527.0,945,880
2441.0,0,11,494.0,947,883
2445.0,0,13,492.0,949,885
2449.0,0,13,459.0,949,887
2453.0,0,9,290.0,950,889
2457.0,0,10,251.0,952,891
2461.0,0,13,270.0,954,892
2465.0,0,15,325.0,956,894
2469.0,0,18,390.0,956,896
2473.0,0,21,469.0,957,898
2477.0,0,25,564.0,957,899
2481.0,0,26,631.0,957,899
2485.0,0,28,734.0,958,899
2489.0,0,34,820.0,959,899
2493.0,0,35,851.0,959,900
2497.0,0,35,880.0,960,903
2501.0,0,29,910.0,964,904
2505.0,0,27,863.0,966,904
2509.0,0,25,894.0,968,905
2513.0,0,24,928.0,971,906
2517.0,0,26,974.0,973,906
2521.0,0,23,881.0,976,908
2525.0,0,24,884.0,978,911
2529.0,0,25,962.0,980,911
2533.0,0,26,1048.0,983,911
2537.0,0,20,927.0,985,913
2541.0,0,16,851.0,986,915
2545.0,0,12,843.0,988,917
2549.0,0,11,728.0,989,920
2553.0,0,8,637.0,990,923
2557.0,0,9,442.0,993,926
2561.0,0,9,394.0,994,929
2565.0,0,10,388.0,995,931
2569.0,0,7,283.0,995,935
2573.0,0,7,245.0,997,937
2577.0,0,9,233.0,999,938
2581.0,0,13,275.0,1000,941
2585.0,0,15,334.0,1002,941
2589.0,0,19,402.0,1002,942
2593.0,0,22,485.0,1002,943
2597.0,0,24,517.0,1002,943
2601.0,0,25,611.0,1003,943
2605.0,0,28,720.0,1004,943
2609.0,0,30,727.0,1004,943
2613.0,0,32,703.0,1004,945
2617.0,0,27,726.0,1006,949
2621.0,0,30,751.0,1008,949
2625.0,0,28,766.0,1011,949
2629.0,0,26,802.0,1014,949
2633.0,0,25,804.0,1017,950
2637.0,0,23,836.0,1020,950
2641.0,0,24,836.0,1023,952
2645.0,0,24,909.0,1026,954
2649.0,0,24,962.0,1029,954
2653.0,0,21,935.0,1031,954
2657.0,0,17,914.0,1033,956
2661.0,0,16,881.0,1034,959
2665.0,0,15,789.0,1035,962
2669.0,0,16,794.0,1037,964
2673.0,0,11,668.0,1037,967
2677.0,0,9,562.0,1039,969
2681.0,0,11,532.0,1041,972
2685.0,0,12,498.0,1042,974
2689.0,0,7,305.0,1044,977
2693.0,0,11,286.0,1046,979
2697.0,0,13,334.0,1048,980
2701.0,0,17,391.0,1049,983
2705.0,0,20,462.0,1049,984
2709.0,0,23,552.0,1049,987
2713.0,0,24,649.0,1049,987
2717.0,0,27,726.0,1049,987
2721.0,0,30,840.0,1050,987
2725.0,0,32,910.0,1050,987
2729.0,0,34,950.0,1050,989
2733.0,0,32,939.0,1050,991
2737.0,0,32,934.0,1053,993
2741.0,0,29,965.0,1056,993
2745.0,0,27,993.0,1059,993
2749.0,0,25,957.0,1061,993
2753.0,0,23,1017.0,1064,993
2757.0,0,23,939.0,1067,994
2761.0,0,22,916.0,1069,995
2765.0,0,25,984.0,1073,996
2769.0,0,25,996.0,1075,997
2773.0,0,23,925.0,1077,999
2777.0,0,20,1001.0,1078,1001
2781.0,0,16,976.0,1079,1003
2785.0,0,13,961.0,1080,1006
2789.0,0,12,769.0,1081,1008
2793.0,0,8,637.0,1083,1011
2797.0,0,12,636.0,1085,1013
2801.0,0,14,651.0,1086,1017
2805.0,0,11,530.0,1086,1018
2809.0,0,11,441.0,1088,1020
2813.0,0,13,471.0,1091,1022
2817.0,0,15,517.0,1093,1024
2821.0,0,19,580.0,1093,1026
2825.0,0,22,657.0,1093,1027
2829.0,0,24,751.0,1093,1029
2833.0,0,26,860.0,1094,1029
2837.0,0,28,862.0,1095,1029
2841.0,0,35,996.0,1096,1029
2845.0,0,29,966.0,1096,1029
2849.0,0,32,892.0,1096,1032
2853.0,0,29,909.0,1098,1035
2857.0,0,27,905.0,1101,1036
2861.0,0,27,919.0,1104,1036
2865.0,0,23,888.0,1106,1036
2869.0,0,24,877.0,1109,1037
2873.0,0,21,867.0,1111,1037
2877.0,0,21,863.0,1115,1039
2881.0,0,24,897.0,1117,1042
2885.0,0,25,1015.0,1120,1042
2889.0,0,21,920.0,1122,1042
2893.0,0,16,884.0,1124,1044
2897.0,0,15,866.0,1126,1047
2901.0,0,12,798.0,1127,1050
2905.0,0,10,690.0,1128,1052
2909.0,0,9,543.0,1129,1055
2913.0,0,9,494.0,1131,1057
2917.0,0,10,473.0,1132,1060
2921.0,0,11,442.0,1133,1062
2925.0,0,8,366.0,1133,1064
2929.0,0,9,338.0,1135,1066
2933.0,0,11,363.0,1138,1067
2937.0,0,15,403.0,1138,1070
2941.0,0,18,463.0,1140,1072
2945.0,0,23,549.0,1140,1074
2949.0,0,24,647.0,1140,1074
2953.0,0,26,698.0,1140,1074
2957.0,0,30,787.0,1141,1074
2961.0,0,30,763.0,1142,1074
2965.0,0,30,827.0,1143,1075
2969.0,0,30,797.0,1143,1079
2973.0,0,28,817.0,1145,1080
2977.0,0,25,771.0,1149,1081
2981.0,0,23,766.0,1151,1081
2985.0,0,22,741.0,1154,1081
2989.0,0,25,778.0,1157,1081
2993.0,0,22,783.0,1160,1081
2997.0,0,23,796.0,1163,1083
3001.0,0,25,849.0,1166,1084
3005.0,0,27,898.0,1169,1085
3009.0,0,20,869.0,1171,1086
3013.0,0,14,821.0,1172,1089
3017.0,0,14,707.0,1173,1091
3021.0,0,13,680.0,1175,1095
3025.0,0,12,490.0,1176,1097
3029.0,0,10,434.0,1178,1099
3033.0,0,13,381.0,1180,1103
3037.0,0,13,395.0,1181,1105
3041.0,0,13,299.0,1181,1107
3045.0,0,13,270.0,1183,1109
3049.0,0,13,295.0,1185,1111
3053.0,0,15,346.0,1187,1112
3057.0,0,19,413.0,1188,1114
3061.0,0,22,494.0,1188,1116
3065.0,0,25,588.0,1188,1118
3069.0,0,27,648.0,1188,1118
3073.0,0,27,724.0,1189,1118
3077.0,0,33,847.0,1190,1118
3081.0,0,31,841.0,1190,1118
3085.0,0,33,823.0,1190,1122
3089.0,0,31,837.0,1192,1124
3093.0,0,26,863.0,1194,1125
3097.0,0,26,823.0,1197,1125
3101.0,0,21,850.0,1200,1125
3105.0,0,22,879.0,1202,1125
3109.0,0,20,783.0,1205,1125
3113.0,0,21,828.0,1208,1127
3117.0,0,23,854.0,1211,1128
3121.0,0,27,925.0,1214,1130
3125.0,0,24,887.0,1217,1130
3129.0,0,21,866.0,1218,1132
3133.0,0,16,842.0,1220,1135
3137.0,0,16,785.0,1221,1138
3141.0,0,14,771.0,1223,1140
3145.0,0,11,538.0,1223,1143
3149.0,0,10,483.0,1225,1147
3153.0,0,12,453.0,1227,1149
3157.0,0,13,468.0,1228,1151
3161.0,0,10,330.0,1229,1153
3165.0,0,12,295.0,1232,1154
3169.0,0,14,333.0,1234,1157
3173.0,0,15,386.0,1234,1158
3177.0,0,19,453.0,1234,1161
3181.0,0,21,531.0,1235,1162
3185.0,0,23,621.0,1235,1163
3189.0,0,24,630.0,1235,1163
3193.0,0,26,714.0,1237,1163
3197.0,0,30,676.0,1238,1163
3201.0,0,30,712.0,1238,1165
3205.0,0,28,712.0,1238,1167
3209.0,0,32,745.0,1240,1169
3213.0,0,28,791.0,1244,1170
3217.0,0,25,788.0,1246,1170
3221.0,0,22,811.0,1248,1170
3225.0,0,25,885.0,1251,1170
3229.0,0,23,802.0,1254,1171
3233.0,0,24,827.0,1257,1174
3237.0,0,25,882.0,1260,1175
3241.0,0,27,979.0,1261,1175
3245.0,0,23,954.0,1265,1176
3249.0,0,19,885.0,1266,1178
3253.0,0,14,811.0,1267,1181
3257.0,0,11,805.0,1268,1183
3261.0,0,10,620.0,1270,1185
3265.0,0,8,611.0,1271,1187
3269.0,0,11,539.0,1273,1191
3273.0,0,14,518.0,1274,1194
3277.0,0,12,362.0,1274,1197
3281.0,0,11,319.0,1276,1198
3285.0,0,11,340.0,1279,1200
3289.0,0,13,382.0,1280,1202
3293.0,0,16,439.0,1280,1205
3297.0,0,19,510.0,1281,1206
3301.0,0,22,594.0,1281,1207
3305.0,0,26,620.0,1282,1207
3309.0,0,30,734.0,1283,1207
3313.0,0,32,808.0,1284,1207
3317.0,0,27,769.0,1284,1207
3321.0,0,29,790.0,1284,1210
3325.0,0,25,698.0,1285,1212
3329.0,0,26,717.0,1287,1214
3333.0,0,25,720.0,1291,1214
3337.0,0,23,699.0,1293,1215
3341.0,0,22,722.0,1297,1215
3345.0,0,23,731.0,1299,1215
3349.0,0,23,775.0,1303,1217
3353.0,0,23,814.0,1305,1218
3357.0,0,24,897.0,1307,1219
3361.0,0,23,892.0,1311,1219
3365.0,0,17,825.0,1312,1221
3369.0,0,15,798.0,1314,1223
3373.0,0,13,661.0,1315,1227
3377.0,0,11,637.0,1317,1230
3381.0,0,6,476.0,1318,1233
3385.0,0,7,388.0,1320,1236
3389.0,0,9,369.0,1322,1238
3393.0,0,12,386.0,1323,1240
3397.0,0,8,230.0,1324,1242
3401.0,0,9,235.0,1327,1244
3405.0,0,9,268.0,1328,1246
3409.0,0,11,308.0,1329,1248
3413.0,0,16,355.0,1329,1249
3417.0,0,19,428.0,1330,1251
3421.0,0,23,524.0,1330,1251
3425.0,0,26,586.0,1330,1251
3429.0,0,30,686.0,1332,1251
3433.0,0,32,756.0,1332,1251
3437.0,0,34,741.0,1332,1253
3441.0,0,31,753.0,1332,1255
3445.0,0,26,726.0,1335,1258
3449.0,0,26,739.0,1338,1258
3453.0,0,25,777.0,1342,1258
3457.0,0,23,812.0,1344,1258
3461.0,0,25,839.0,1346,1258
3465.0,0,23,813.0,1350,1259
3469.0,0,24,823.0,1352,1260
3473.0,0,24,932.0,1355,1261
3477.0,0,26,1019.0,1358,1262
3481.0,0,20,954.0,1359,1264
3485.0,0,19,873.0,1360,1267
3489.0,0,17,896.0,1362,1269
3493.0,0,16,774.0,1363,1271
3497.0,0,11,659.0,1364,1274
3501.0,0,8,505.0,1365,1277
3505.0,0,9,485.0,1368,1280
3509.0,0,11,486.0,1369,1283
3513.0,0,9,346.0,1369,1285
3517.0,0,8,284.0,1371,1288
3521.0,0,13,278.0,1373,1289
3525.0,0,15,330.0,1375,1291
3529.0,0,15,386.0,1375,1292
3533.0,0,18,447.0,1375,1293
3537.0,0,20,518.0,1375,1295
3541.0,0,25,531.0,1376,1295
3545.0,0,26,636.0,1377,1295
3549.0,0,30,729.0,1378,1295
3553.0,0,29,712.0,1379,1295
3557.0,0,30,692.0,1379,1297
3561.0,0,28,698.0,1381,1300
3565.0,0,27,739.0,1384,1301
3569.0,0,24,778.0,1387,1302
3573.0,0,25,826.0,1389,1302
3577.0,0,26,854.0,1392,1302
3581.0,0,26,848.0,1395,1302
3585.0,0,25,844.0,1397,1304
3589.0,0,25,925.0,1401,1306
3593.0,0,26,988.0,1403,1307
3597.0,0,23,959.0,1405,1307
3601.0,0,21,931.0,1407,1309
3605.0,0,19,878.0,1408,1313
3609.0,0,14,803.0,1409,1315
3613.0,0,13,780.0,1411,1319
3617.0,0,8,625.0,1412,1321
3621.0,0,8,524.0,1415,1324
3625.0,0,9,493.0,1416,1326
3629.0,0,13,465.0,1416,1329
3633.0,0,9,342.0,1418,1331
3637.0,0,10,300.0,1420,1331
3641.0,0,11,335.0,1422,1334
3645.0,0,12,365.0,1422,1336
3649.0,0,14,411.0,1422,1338
3653.0,0,16,471.0,1422,1340
3657.0,0,19,546.0,1423,1341
3661.0,0,22,567.0,1424,1341
3665.0,0,27,624.0,1425,1341
3669.0,0,27,589.0,1426,1341
3673.0,0,27,619.0,1427,1343
3677.0,0,24,612.0,1427,1345
3681.0,0,25,568.0,1430,1347
3685.0,0,22,574.0,1433,1347
3689.0,0,21,600.0,1436,1348
3693.0,0,20,630.0,1438,1348
3697.0,0,21,659.0,1441,1348
3701.0,0,21,681.0,1443,1349
3705.0,0,22,729.0,1447,1350
3709.0,0,24,772.0,1449,1351
3713.0,0,25,868.0,1452,1352
3717.0,0,21,760.0,1455,1354
3721.0,0,15,731.0,1456,1356
3725.0,0,13,692.0,1458,1359
3729.0,0,10,583.0,1459,1362
3733.0,0,6,447.0,1461,1366
3737.0,0,5,373.0,1463,1368
3741.0,0,9,345.0,1464,1372
3745.0,0,10,323.0,1465,1374
3749.0,0,8,245.0,1466,1377
3753.0,0,11,204.0,1468,1378
3757.0,0,13,233.0,1470,1380
3761.0,0,13,246.0,1471,1382
3765.0,0,16,305.0,1471,1383
3769.0,0,17,370.0,1471,1384
3773.0,0,21,446.0,1472,1385
3777.0,0,24,544.0,1473,1385
3781.0,0,27,609.0,1474,1385
3785.0,0,30,705.0,1474,1385
3789.0,0,29,715.0,1475,1385
3793.0,0,33,768.0,1475,1389
3797.0,0,30,802.0,1476,1390
3801.0,0,29,837.0,1479,1390
3805.0,0,27,806.0,1482,1391
3809.0,0,24,841.0,1485,1392
3813.0,0,24,862.0,1488,1392
3817.0,0,23,822.0,1490,1392
3821.0,0,23,827.0,1493,1393
3825.0,0,24,933.0,1496,1393
3829.0,0,24,968.0,1498,1393
3833.0,0,20,933.0,1501,1393
3837.0,0,17,894.0,1502,1395
3841.0,0,14,864.0,1504,1397
3845.0,0,13,833.0,1505,1399
3849.0,0,14,760.0,1506,1402
3853.0,0,8,627.0,1507,1406
3857.0,0,9,592.0,1510,1409
3861.0,0,9,576.0,1511,1410
3865.0,0,11,568.0,1512,1412
3869.0,0,9,526.0,1513,1414
3873.0,0,10,488.0,1515,1416
3877.0,0,13,521.0,1517,1419
3881.0,0,17,569.0,1517,1420
3885.0,0,21,641.0,1518,1422
3889.0,0,24,748.0,1518,1424
3893.0,0,27,868.0,1518,1424
3897.0,0,29,939.0,1518,1424
3901.0,0,35,1094.0,1519,1424
3905.0,0,36,1197.0,1521,1424
3909.0,0,36,1221.0,1521,1426
3913.0,0,34,1262.0,1521,1428
3917.0,0,31,1254.0,1524,1430
3921.0,0,28,1298.0,1527,1430
3925.0,0,26,1283.0,1530,1430
3929.0,0,27,1354.0,1532,1431
3933.0,0,32,1391.0,1536,1431
3937.0,0,24,1151.0,1538,1432
3941.0,0,26,1123.0,1541,1435
3945.0,0,26,1123.0,1544,1437
3949.0,0,27,1206.0,1547,1437
3953.0,0,21,1058.0,1548,1439
3957.0,0,16,980.0,1550,1441
3961.0,0,13,919.0,1551,1445
3965.0,0,12,809.0,1552,1447
3969.0,0,11,752.0,1554,1449
3973.0,0,8,583.0,1556,1453
3977.0,0,9,556.0,1557,1455
3981.0,0,10,538.0,1558,1458
3985.0,0,9,523.0,1558,1461
3989.0,0,10,343.0,1560,1462
3993.0,0,12,378.0,1563,1464
3997.0,0,13,446.0,1565,1465
4001.0,0,16,512.0,1565,1466
4005.0,0,19,578.0,1565,1468
4009.0,0,22,679.0,1565,1468
4013.0,0,26,734.0,1565,1468
4017.0,0,30,838.0,1566,1468
4021.0,0,33,974.0,1567,1468
4025.0,0,35,989.0,1568,1468
4029.0,0,35,1065.0,1568,1470
4033.0,0,33,1103.0,1568,1473
4037.0,0,31,1109.0,1572,1474
4041.0,0,29,1146.0,1574,1474
4045.0,0,25,1146.0,1578,1475
4049.0,0,29,1202.0,1581,1475
4053.0,0,26,1164.0,1583,1475
4057.0,0,25,1095.0,1586,1477
4061.0,0,28,1095.0,1589,1479
4065.0,0,27,1149.0,1592,1479
4069.0,0,25,1133.0,1594,1479
4073.0,0,20,1060.0,1596,1481
4077.0,0,17,1013.0,1598,1483
4081.0,0,15,959.0,1599,1486
4085.0,0,12,833.0,1601,1489
4089.0,0,9,739.0,1602,1493
4093.0,0,8,609.0,1604,1495
4097.0,0,9,576.0,1605,1498
4101.0,0,12,558.0,1606,1500
4105.0,0,8,338.0,1609,1502
4109.0,0,9,374.0,1612,1504
4113.0,0,13,379.0,1614,1505
4117.0,0,15,427.0,1614,1507
4121.0,0,16,517.0,1614,1509
4125.0,0,21,626.0,1614,1510
4129.0,0,24,779.0,1615,1510
4133.0,0,29,902.0,1615,1510
4137.0,0,34,1082.0,1616,1510
4141.0,0,36,1195.0,1616,1510
4145.0,0,37,1200.0,1616,1512
4149.0,0,33,1252.0,1616,1514
4153.0,0,31,1321.0,1619,1516
4157.0,0,33,1394.0,1622,1516
4161.0,0,31,1398.0,1624,1516
4165.0,0,25,1417.0,1627,1518
4169.0,0,27,1488.0,1630,1518
4173.0,0,25,1331.0,1633,1520
4177.0,0,24,1172.0,1636,1521
4181.0,0,25,1233.0,1638,1522
4185.0,0,26,1319.0,1641,1522
4189.0,0,20,1240.0,1643,1523
4193.0,0,15,1125.0,1644,1526
4197.0,0,12,962.0,1646,1529
4201.0,0,12,934.0,1647,1531
4205.0,0,11,753.0,1648,1534
4209.0,0,8,717.0,1650,1538
4213.0,0,10,604.0,1652,1540
4217.0,0,9,630.0,1652,1543
4221.0,0,8,468.0,1652,1545
4225.0,0,8,426.0,1655,1546
4229.0,0,12,378.0,1657,1549
4233.0,0,13,421.0,1658,1550
4237.0,0,18,474.0,1658,1552
4241.0,0,18,536.0,1659,1554
4245.0,0,24,620.0,1659,1556
4249.0,0,22,721.0,1659,1556
4253.0,0,26,848.0,1660,1556
4257.0,0,30,1017.0,1660,1556
4261.0,0,32,1055.0,1660,1556
4265.0,0,32,1056.0,1660,1560
4269.0,0,25,1134.0,1662,1561
4273.0,0,26,1180.0,1665,1562
4277.0,0,24,1210.0,1668,1562
4281.0,0,23,1214.0,1671,1562
4285.0,0,24,1311.0,1673,1562
4289.0,0,21,1227.0,1675,1563
4293.0,0,24,1182.0,1678,1565
4297.0,0,25,1181.0,1680,1568
4301.0,0,25,1235.0,1684,1569
4305.0,0,23,1169.0,1686,1569
4309.0,0,18,1133.0,1688,1571
4313.0,0,16,1082.0,1689,1573
4317.0,0,15,987.0,1691,1577
4321.0,0,17,923.0,1692,1579
4325.0,0,10,768.0,1693,1583
4329.0,0,9,700.0,1695,1585
4333.0,0,11,677.0,1696,1587
4337.0,0,12,663.0,1698,1590
4341.0,0,8,599.0,1698,1592
4345.0,0,10,535.0,1701,1594
4349.0,0,13,553.0,1704,1596
4353.0,0,16,588.0,1704,1598
4357.0,0,17,618.0,1705,1600
4361.0,0,19,684.0,1705,1601
4365.0,0,21,789.0,1705,1603
4369.0,0,22,797.0,1705,1603
4373.0,0,27,814.0,1707,1603
4377.0,0,31,899.0,1708,1603
4381.0,0,32,942.0,1708,1604
4385.0,0,31,936.0,1709,1607
4389.0,0,29,964.0,1712,1609
4393.0,0,28,953.0,1714,1609
4397.0,0,26,963.0,1716,1609
4401.0,0,22,994.0,1719,1609
4405.0,0,22,998.0,1722,1610
4409.0,0,21,951.0,1725,1612
4413.0,0,24,904.0,1727,1613
4417.0,0,24,962.0,1730,1613
4421.0,0,25,1032.0,1733,1613
4425.0,0,21,962.0,1736,1613
4429.0,0,19,921.0,1739,1615
4433.0,0,16,887.0,1741,1619
4437.0,0,13,759.0,1742,1621
4441.0,0,10,664.0,1744,1625
4445.0,0,8,565.0,1746,1627
4449.0,0,7,539.0,1747,1630
4453.0,0,11,568.0,1748,1632
4457.0,0,7,363.0,1748,1634
4461.0,0,8,306.0,1750,1637
4465.0,0,10,323.0,1753,1638
4469.0,0,12,320.0,1755,1639
4473.0,0,18,382.0,1755,1642
4477.0,0,19,491.0,1755,1642
4481.0,0,21,639.0,1755,1644
4485.0,0,25,750.0,1755,1644
4489.0,0,28,880.0,1756,1644
4493.0,0,32,1059.0,1756,1644
4497.0,0,34,1095.0,1756,1644
4501.0,0,36,1099.0,1756,1646
4505.0,0,35,1163.0,1758,1649
4509.0,0,30,1237.0,1760,1650
4513.0,0,29,1308.0,1763,1650
4517.0,0,25,1396.0,1766,1650
4521.0,0,25,1367.0,1768,1650
4525.0,0,24,1329.0,1772,1652
4529.0,0,26,1283.0,1774,1654
4533.0,0,27,1245.0,1777,1655
4537.0,0,26,1262.0,1780,1656
4541.0,0,23,1169.0,1782,1657
4545.0,0,21,1145.0,1783,1659
4549.0,0,16,1130.0,1784,1661
4553.0,0,12,1054.0,1785,1663
4557.0,0,12,992.0,1786,1666
4561.0,0,8,790.0,1787,1669
4565.0,0,10,697.0,1789,1672
4569.0,0,12,614.0,1792,1675
4573.0,0,14,660.0,1792,1678
4577.0,0,9,434.0,1792,1679
4581.0,0,10,451.0,1795,1682
4585.0,0,11,406.0,1797,1683
4589.0,0,16,455.0,1799,1686
4593.0,0,20,518.0,1799,1687
4597.0,0,20,593.0,1800,1689
4601.0,0,25,717.0,1800,1690
4605.0,0,25,802.0,1800,1690
4609.0,0,28,934.0,1801,1690
4613.0,0,29,957.0,1801,1690
4617.0,0,32,1056.0,1802,1692
4621.0,0,32,1090.0,1802,1694
4625.0,0,28,1134.0,1805,1695
4629.0,0,30,1147.0,1808,1695
4633.0,0,24,1178.0,1810,1696
4637.0,0,24,1209.0,1813,1696
4641.0,0,25,1243.0,1816,1696
4645.0,0,23,1114.0,1818,1696
4649.0,0,25,1127.0,1822,1700
4653.0,0,27,1111.0,1824,1701
4657.0,0,28,1211.0,1827,1701
4661.0,0,21,1149.0,1828,1702
4665.0,0,16,983.0,1829,1705
4669.0,0,15,940.0,1831,1707
4673.0,0,14,900.0,1832,1710
4677.0,0,13,874.0,1834,1712
4681.0,0,12,803.0,1836,1715
4685.0,0,11,653.0,1837,1718
4689.0,0,13,656.0,1838,1719
4693.0,0,9,568.0,1838,1722
4697.0,0,10,495.0,1840,1723
4701.0,0,10,516.0,1843,1724
4705.0,0,14,561.0,1844,1727
4709.0,0,17,590.0,1845,1729
4713.0,0,18,659.0,1845,1730
4717.0,0,20,770.0,1845,1733
4721.0,0,20,794.0,1845,1733
4725.0,0,24,854.0,1846,1733
4729.0,0,28,958.0,1848,1733
4733.0,0,25,965.0,1848,1733
4737.0,0,27,997.0,1848,1736
4741.0,0,25,1035.0,1849,1738
4745.0,0,24,984.0,1852,1740
4749.0,0,24,1027.0,1855,1740
4753.0,0,24,1023.0,1858,1740
4757.0,0,21,1069.0,1861,1740
4761.0,0,19,1021.0,1863,1740
4765.0,0,21,998.0,1865,1741
4769.0,0,23,1050.0,1868,1743
4773.0,0,26,1102.0,1871,1744
4777.0,0,24,1088.0,1873,1744
4781.0,0,20,1060.0,1876,1746
4785.0,0,17,993.0,1877,1748
4789.0,0,15,917.0,1879,1751
4793.0,0,13,845.0,1880,1754
4797.0,0,10,746.0,1881,1757
4801.0,0,8,618.0,1884,1760
4805.0,0,11,585.0,1884,1763
4809.0,0,12,576.0,1885,1765
4813.0,0,9,468.0,1885,1766
4817.0,0,12,428.0,1889,1769
4821.0,0,13,477.0,1891,1770
4825.0,0,15,529.0,1892,1772
4829.0,0,17,610.0,1892,1774
4833.0,0,19,654.0,1892,1776
4837.0,0,26,771.0,1892,1777
4841.0,0,27,804.0,1892,1777
4845.0,0,29,949.0,1893,1777
4849.0,0,29,942.0,1894,1777
4853.0,0,30,1048.0,1894,1779
4857.0,0,31,1023.0,1894,1781
4861.0,0,31,1071.0,1897,1783
4865.0,0,31,1133.0,1899,1784
4869.0,0,26,1142.0,1901,1784
4873.0,0,25,1200.0,1904,1784
4877.0,0,25,1285.0,1907,1784
4881.0,0,24,1164.0,1909,1785
4885.0,0,25,1087.0,1911,1787
4889.0,0,29,1177.0,1914,1788
4893.0,0,30,1250.0,1917,1788
4897.0,0,24,1156.0,1920,1789
4901.0,0,19,1091.0,1921,1792
4905.0,0,17,1098.0,1923,1795
4909.0,0,13,989.0,1924,1798
4913.0,0,9,885.0,1925,1801
4917.0,0,7,718.0,1927,1803
4921.0,0,9,675.0,1928,1806
4925.0,0,13,715.0,1931,1809
4929.0,0,11,628.0,1931,1812
4933.0,0,10,589.0,1933,1813
4937.0,0,12,582.0,1936,1814
4941.0,0,12,662.0,1937,1817
4945.0,0,15,694.0,1937,1818
4949.0,0,18,747.0,1938,1821
4953.0,0,23,849.0,1938,1821
4957.0,0,26,905.0,1938,1821
4961.0,0,30,983.0,1939,1821
4965.0,0,34,1142.0,1940,1821
4969.0,0,33,1137.0,1941,1821
4973.0,0,32,1057.0,1941,1825
4977.0,0,29,1171.0,1943,1827
4981.0,0,29,1219.0,1946,1828
4985.0,0,27,1171.0,1948,1828
4989.0,0,28,1224.0,1951,1828
4993.0,0,24,1269.0,1954,1828
4997.0,0,25,1133.0,1957,1829
5001.0,0,24,1102.0,1959,1831
5005.0,0,26,1057.0,1962,1833
5009.0,0,28,1185.0,1964,1834
5013.0,0,26,1125.0,1967,1834
5017.0,0,21,1093.0,1968,1836
5021.0,0,16,1046.0,1970,1840
5025.0,0,13,929.0,1971,1842
5029.0,0,11,870.0,1972,1845
5033.0,0,6,722.0,1974,1848
5037.0,0,9,630.0,1976,1851
5041.0,0,11,590.0,1977,1854
5045.0,0,14,689.0,1978,1857
5049.0,0,9,529.0,1979,1858
5053.0,0,10,427.0,1982,1859
5057.0,0,12,516.0,1984,1862
5061.0,0,13,525.0,1984,1863
5065.0,0,15,622.0,1985,1865
5069.0,0,19,758.0,1986,1865
5073.0,0,23,876.0,1986,1865
5077.0,0,24,951.0,1986,1865
5081.0,0,29,1070.0,1988,1865
5085.0,0,29,1236.0,1988,1865
5089.0,0,30,1249.0,1988,1866
5093.0,0,27,1208.0,1988,1869
5097.0,0,26,1216.0,1991,1870
5101.0,0,24,1175.0,1994,1871
5105.0,0,22,1218.0,1997,1872
5109.0,0,22,1266.0,2000,1872
5113.0,0,22,1333.0,2002,1872
5117.0,0,21,1231.0,2005,1873
5121.0,0,23,1135.0,2008,1874
5125.0,0,23,1144.0,2011,1876
5129.0,0,25,1180.0,2014,1877
5133.0,0,19,1101.0,2015,1877
5137.0,0,15,1001.0,2017,1881
5141.0,0,14,878.0,2018,1883
5145.0,0,12,836.0,2019,1886
5149.0,0,9,785.0,2020,1888
5153.0,0,7,678.0,2022,1891
5157.0,0,9,637.0,2024,1892
5161.0,0,9,667.0,2025,1896
5165.0,0,7,472.0,2025,1899
5169.0,0,7,433.0,2027,1901
5173.0,0,8,456.0,2030,1902
5177.0,0,12,451.0,2031,1904
5181.0,0,13,500.0,2031,1907
5185.0,0,15,555.0,2031,1908
5189.0,0,19,627.0,2032,1910
5193.0,0,21,710.0,2032,1910
5197.0,0,24,820.0,2033,1910
5201.0,0,29,951.0,2034,1910
5205.0,0,26,974.0,2035,1910
5209.0,0,28,1011.0,2035,1914
5213.0,0,26,977.0,2037,1916
5217.0,0,23,1021.0,2039,1917
5221.0,0,26,1067.0,2041,1917
5225.0,0,22,1114.0,2043,1917
5229.0,0,19,1151.0,2046,1917
5233.0,0,20,1078.0,2049,1917
5237.0,0,18,977.0,2052,1919
5241.0,0,19,944.0,2055,1921
5245.0,0,21,955.0,2058,1922
5249.0,0,22,890.0,2060,1922
5253.0,0,20,865.0,2062,1924
5257.0,0,16,776.0,2064,1927
5261.0,0,14,726.0,2065,1930
5265.0,0,11,703.0,2066,1933
5269.0,0,7,537.0,2068,1935
5273.0,0,6,473.0,2070,1939
5277.0,0,9,466.0,2071,1941
5281.0,0,11,502.0,2072,1943
5285.0,0,9,369.0,2073,1945
5289.0,0,12,335.0,2076,1947
5293.0,0,12,348.0,2078,1949
5297.0,0,15,419.0,2078,1951
5301.0,0,18,478.0,2078,1953
5305.0,0,20,539.0,2078,1954
5309.0,0,24,645.0,2079,1954
5313.0,0,27,714.0,2079,1954
5317.0,0,30,841.0,2081,1954
5321.0,0,30,895.0,2081,1954
5325.0,0,31,909.0,2081,1955
5329.0,0,30,881.0,2082,1958
5333.0,0,24,906.0,2084,1960
5337.0,0,24,924.0,2086,1961
5341.0,0,26,963.0,2089,1961
5345.0,0,25,941.0,2091,1961
5349.0,0,25,1025.0,2095,1961
5353.0,0,24,860.0,2097,1963
5357.0,0,25,824.0,2100,1964
5361.0,0,26,921.0,2103,1965
5365.0,0,28,1017.0,2105,1965
5369.0,0,23,984.0,2107,1966
5373.0,0,23,888.0,2108,1970
5377.0,0,19,860.0,2109,1972
5381.0,0,16,831.0,2111,1974
5385.0,0,11,649.0,2112,1978
5389.0,0,10,603.0,2114,1980
5393.0,0,10,549.0,2116,1984
5397.0,0,13,556.0,2118,1985
5401.0,0,12,500.0,2118,1987
5405.0,0,10,399.0,2120,1989
5409.0,0,11,453.0,2123,1991
5413.0,0,14,495.0,2124,1993
5417.0,0,16,546.0,2124,1995
5421.0,0,19,611.0,2124,1996
5425.0,0,21,708.0,2126,1997
5429.0,0,25,832.0,2126,1997
5433.0,0,29,979.0,2127,1997
5437.0,0,34,1127.0,2127,1997
5441.0,0,33,1142.0,2127,1997
5445.0,0,33,1169.0,2127,1999
5449.0,0,28,1145.0,2128,2001
5453.0,0,26,1150.0,2130,2003
5457.0,0,24,1171.0,2133,2004
5461.0,0,21,1180.0,2136,2005
5465.0,0,27,1257.0,2138,2005
5469.0,0,21,1087.0,2140,2005
5473.0,0,22,1032.0,2142,2008
5477.0,0,23,1042.0,2146,2009
5481.0,0,23,1056.0,2148,2009
5485.0,0,20,1001.0,2151,2009
5489.0,0,17,907.0,2154,2012
5493.0,0,14,803.0,2155,2014
5497.0,0,11,748.0,2157,2017
5501.0,0,9,674.0,2158,2020
5505.0,0,8,605.0,2159,2023
5509.0,0,8,610.0,2161,2026
5513.0,0,10,613.0,2162,2028
5517.0,0,11,679.0,2163,2032
5521.0,0,12,540.0,2164,2033
5525.0,0,10,585.0,2166,2035
5529.0,0,13,650.0,2167,2037
5533.0,0,13,693.0,2169,2038
5537.0,0,17,750.0,2169,2041
5541.0,0,20,849.0,2169,2042
5545.0,0,23,957.0,2169,2042
5549.0,0,28,1032.0,2170,2042
5553.0,0,31,1169.0,2171,2042
5557.0,0,32,1246.0,2171,2042
5561.0,0,33,1269.0,2172,2044
5565.0,0,28,1285.0,2172,2046
5569.0,0,29,1311.0,2174,2047
5573.0,0,25,1350.0,2177,2048
5577.0,0,25,1355.0,2180,2049
5581.0,0,25,1300.0,2182,2049
5585.0,0,29,1378.0,2184,2049
5589.0,0,25,1178.0,2187,2049
5593.0,0,24,1101.0,2190,2052
5597.0,0,24,1101.0,2193,2053
5601.0,0,25,1110.0,2196,2055
5605.0,0,19,1034.0,2199,2055
5609.0,0,17,991.0,2202,2059
5613.0,0,12,842.0,2203,2062
5617.0,0,11,789.0,2204,2064
5621.0,0,8,657.0,2206,2068
5625.0,0,7,571.0,2208,2070
5629.0,0,8,555.0,2209,2072
5633.0,0,9,591.0,2210,2075
5637.0,0,7,444.0,2210,2076
5641.0,0,10,436.0,2212,2077
5645.0,0,11,427.0,2214,2079
5649.0,0,13,492.0,2216,2081
5653.0,0,16,540.0,2216,2083
5657.0,0,18,585.0,2216,2084
5661.0,0,23,690.0,2216,2086
5665.0,0,25,774.0,2217,2086
5669.0,0,33,931.0,2218,2086
5673.0,0,37,1090.0,2218,2086
5677.0,0,35,1128.0,2219,2086
5681.0,0,35,1112.0,2219,2088
5685.0,0,34,1169.0,2221,2091
5689.0,0,31,1244.0,2223,2092
5693.0,0,29,1253.0,2225,2092
5697.0,0,27,1300.0,2227,2093
5701.0,0,27,1344.0,2230,2093
5705.0,0,25,1229.0,2234,2093
5709.0,0,24,1196.0,2237,2095
5713.0,0,26,1146.0,2239,2097
5717.0,0,27,1208.0,2242,2097
5721.0,0,25,1174.0,2245,2097
5725.0,0,19,1113.0,2246,2099
5729.0,0,16,1096.0,2248,2101
5733.0,0,16,1033.0,2249,2105
5737.0,0,14,993.0,2250,2107
5741.0,0,8,806.0,2251,2110
5745.0,0,9,724.0,2253,2113
5749.0,0,9,647.0,2256,2115
5753.0,0,11,690.0,2256,2118
5757.0,0,8,473.0,2259,2119
5761.0,0,9,509.0,2261,2122
5765.0,0,12,553.0,2263,2123
5769.0,0,15,555.0,2263,2125
5773.0,0,17,651.0,2263,2126
5777.0,0,18,758.0,2263,2129
5781.0,0,21,874.0,2263,2129
5785.0,0,25,975.0,2264,2129
5789.0,0,29,1147.0,2265,2129
5793.0,0,32,1162.0,2265,2129
5797.0,0,31,1234.0,2265,2131
5801.0,0,30,1241.0,2265,2133
5805.0,0,24,1301.0,2269,2135
5809.0,0,23,1252.0,2271,2135
5813.0,0,23,1278.0,2274,2135
5817.0,0,18,1279.0,2277,2135
5821.0,0,22,1316.0,2280,2137
5825.0,0,20,1100.0,2283,2139
5829.0,0,23,1058.0,2286,2140
5833.0,0,23,1140.0,2289,2141
5837.0,0,24,1194.0,2291,2141
5841.0,0,17,1050.0,2292,2142
5845.0,0,11,973.0,2293,2145
5849.0,0,10,845.0,2295,2148
5853.0,0,8,736.0,2296,2150
5857.0,0,7,688.0,2297,2154
5861.0,0,10,662.0,2300,2156
5865.0,0,11,588.0,2301,2159
5869.0,0,12,573.0,2301,2162
5873.0,0,9,524.0,2301,2164
5877.0,0,12,446.0,2303,2166
5881.0,0,14,475.0,2305,2167
5885.0,0,15,522.0,2307,2170
5889.0,0,16,569.0,2307,2171
5893.0,0,18,656.0,2308,2172
5897.0,0,20,722.0,2308,2175
5901.0,0,21,763.0,2308,2175
5905.0,0,24,888.0,2309,2175
5909.0,0,30,1012.0,2309,2175
5913.0,0,31,1055.0,2309,2175
5917.0,0,33,1120.0,2309,2179
5921.0,0,29,1093.0,2311,2180
5925.0,0,25,1132.0,2313,2180
5929.0,0,22,1168.0,2316,2180
5933.0,0,28,1156.0,2319,2181
5937.0,0,25,1228.0,2322,2182
5941.0,0,25,1065.0,2325,2182
5945.0,0,25,1019.0,2327,2185
5949.0,0,26,992.0,2330,2187
5953.0,0,26,1089.0,2333,2188
5957.0,0,23,1063.0,2335,2188
5961.0,0,20,1038.0,2336,2191
5965.0,0,15,1067.0,2338,2192
5969.0,0,18,933.0,2339,2195
5973.0,0,16,939.0,2340,2198
5977.0,0,10,744.0,2341,2201
5981.0,0,9,714.0,2344,2205
5985.0,0,11,616.0,2345,2207
5989.0,0,12,663.0,2345,2209
5993.0,0,9,518.0,2346,2210
5997.0,0,9,438.0,2349,2213
6004.0,0,14,513.0,2352,2216
6008.0,-100,22,651.0,2352,2216
6012.0,-289,21,684.0,2352,2216
6016.0,-225,25,775.0,2353,2216
6020.0,-289,21,741.0,2354,2216
6024.0,-225,20,745.0,2356,2218
6028.0,-121,22,765.0,2359,2220
6032.0,-81,21,832.0,2361,2220
6036.0,-64,15,801.0,2363,2220
6040.0,-9,17,827.0,2365,2222
6044.0,-16,19,852.0,2366,2223
6048.0,-25,22,857.0,2368,2225
6052.0,-100,21,854.0,2368,2228
6056.0,-121,22,831.0,2369,2230
6060.0,-196,22,919.0,2369,2233
6064.0,-256,22,1012.0,2369,2233
6068.0,-324,25,1051.0,2369,2233
6072.0,-441,26,1141.0,2370,2235
6076.0,-484,31,1274.0,2370,2237
6080.0,-576,33,1421.0,2370,2237
6084.0,-576,33,1428.0,2370,2237
6088.0,-441,28,1448.0,2373,2238
6092.0,-256,26,1422.0,2375,2239
6096.0,-169,21,1236.0,2379,2239
6100.0,-100,11,1143.0,2380,2241
6104.0,-16,11,1101.0,2382,2244
6108.0,-25,9,1032.0,2383,2246
6112.0,-36,11,1070.0,2383,2248
6116.0,-100,13,1116.0,2384,2248
6120.0,-100,17,1199.0,2386,2248
6124.0,-169,24,1313.0,2388,2249
6128.0,-256,27,1453.0,2388,2250
6132.0,-324,30,1627.0,2388,2250
6136.0,-361,33,1755.0,2388,2250
6140.0,-441,37,1924.0,2388,2250
6144.0,-484,36,1944.0,2388,2250
6148.0,-400,36,1940.0,2390,2252
6152.0,-256,33,1876.0,2393,2253
6156.0,-169,26,1661.0,2396,2254
6160.0,-64,17,1471.0,2398,2256
6164.0,-25,13,1408.0,2400,2260
6168.0,-16,10,1315.0,2400,2262
6172.0,-16,10,1231.0,2400,2265
6176.0,-49,7,1234.0,2401,2267
6180.0,-36,14,1327.0,2403,2267
6184.0,-121,16,1462.0,2405,2267
6188.0,-121,22,1602.0,2405,2267
6192.0,-225,25,1742.0,2405,2269
6196.0,-256,30,1907.0,2405,2269
6200.0,-289,35,2056.0,2405,2269
6204.0,-400,36,2194.0,2405,2269
6208.0,-441,42,2351.0,2405,2271
6212.0,-625,40,2190.0,2405,2272
6216.0,-576,36,2025.0,2407,2274
6220.0,-441,24,1851.0,2410,2277
6224.0,-196,18,1646.0,2412,2280
6228.0,-100,12,1398.0,2414,2281
6232.0,-49,7,1296.0,2418,2283
6236.0,-16,6,1175.0,2420,2283
6240.0,-4,12,1276.0,2422,2283
6244.0,-16,12,1337.0,2423,2283
6248.0,-25,16,1354.0,2423,2285
6252.0,-36,19,1488.0,2425,2287
6256.0,-64,26,1657.0,2426,2287
6260.0,-144,29,1849.0,2427,2287
6264.0,-196,34,1972.0,2427,2287
6268.0,-225,36,2061.0,2427,2288
6272.0,-289,42,2190.0,2428,2291
6276.0,-400,40,2059.0,2428,2292
6280.0,-400,26,1937.0,2431,2294
6284.0,-144,23,1643.0,2434,2297
6288.0,-144,15,1477.0,2436,2300
6292.0,-49,9,1142.0,2438,2302
6296.0,-25,8,1076.0,2441,2305
6300.0,-36,9,954.0,2444,2305
6304.0,-36,8,845.0,2446,2305
6308.0,-36,10,897.0,2448,2307
6312.0,-9,14,1038.0,2450,2308
6316.0,-25,17,1092.0,2451,2308
6320.0,-16,19,1190.0,2453,2308
6324.0,-16,22,1297.0,2454,2309
6328.0,-36,30,1425.0,2456,2309
6332.0,-100,32,1438.0,2456,2309
6336.0,-144,27,1454.0,2456,2311
6340.0,-196,29,1500.0,2456,2313
6344.0,-289,25,1481.0,2456,2316
6348.0,-361,22,1359.0,2456,2318
6352.0,-324,15,1323.0,2458,2318
6356.0,-144,16,1281.0,2460,2318
6360.0,-121,14,1234.0,2464,2318
6364.0,-36,12,1231.0,2465,2318
6368.0,-16,16,1340.0,2467,2320
6372.0,-9,22,1422.0,2467,2322
6376.0,-49,22,1509.0,2469,2322
6380.0,-36,28,1663.0,2469,2322
6384.0,-64,31,1808.0,2470,2323
6388.0,-100,32,1832.0,2470,2323
6392.0,-144,28,1816.0,2470,2325
6396.0,-196,31,1773.0,2470,2328
6400.0,-361,29,1727.0,2470,2331
6404.0,-361,29,1678.0,2470,2334
6408.0,-484,24,1644.0,2470,2336
6412.0,-361,19,1565.0,2472,2336
6416.0,-196,15,1549.0,2475,2336
6420.0,-81,15,1471.0,2477,2338
6424.0,-64,19,1375.0,2480,2339
6428.0,-64,20,1416.0,2483,2339
6432.0,-64,17,1410.0,2483,2339
6436.0,-16,23,1447.0,2485,2340
6440.0,-36,23,1491.0,2486,2341
6444.0,-16,25,1497.0,2488,2341
6448.0,-36,24,1502.0,2490,2343
6452.0,-100,27,1430.0,2490,2346
6456.0,-144,24,1449.0,2490,2349
6460.0,-225,21,1357.0,2490,2352
6464.0,-225,22,1438.0,2491,2354
6468.0,-324,22,1415.0,2491,2354
6472.0,-225,18,1304.0,2493,2354
6476.0,-144,16,1239.0,2497,2355
6480.0,-100,18,1151.0,2499,2357
6484.0,-64,15,1228.0,2501,2357
6488.0,-9,20,1361.0,2503,2358
6492.0,-25,21,1372.0,2503,2358
6496.0,-16,25,1450.0,2505,2361
6500.0,-49,31,1660.0,2505,2361
6504.0,-100,34,1830.0,2506,2361
6508.0,-121,35,1850.0,2507,2361
6512.0,-169,33,1828.0,2507,2363
6516.0,-225,33,1832.0,2508,2365
6520.0,-400,26,1671.0,2508,2368
6524.0,-289,18,1509.0,2510,2371
6528.0,-144,11,1381.0,2514,2371
6532.0,-36,12,1298.0,2516,2371
6536.0,-36,12,1342.0,2518,2371
6540.0,-9,14,1405.0,2519,2371
6544.0,-25,15,1511.0,2519,2373
6548.0,-16,21,1587.0,2521,2375
6552.0,-81,23,1735.0,2521,2375
6556.0,-64,32,1917.0,2521,2375
6560.0,-100,36,2015.0,2521,2375
6564.0,-121,39,2198.0,2521,2376
6568.0,-196,45,2368.0,2522,2377
6572.0,-289,43,2398.0,2522,2377
6576.0,-361,41,2423.0,2523,2379
6580.0,-484,39,2418.0,2523,2382
6584.0,-576,36,2340.0,2523,2385
6588.0,-576,29,2198.0,2524,2387
6592.0,-400,20,2157.0,2526,2387
6596.0,-196,15,2057.0,2528,2387
6600.0,-81,13,1913.0,2532,2387
6604.0,-36,14,1827.0,2534,2389
6608.0,-9,18,2024.0,2536,2390
6612.0,-25,19,2136.0,2537,2390
6616.0,-9,27,2270.0,2539,2391
6620.0,-64,29,2421.0,2539,2391
6624.0,-49,34,2592.0,2539,2391
6628.0,-81,41,2739.0,2539,2392
6632.0,-196,44,2950.0,2540,2394
6636.0,-225,44,2923.0,2540,2394
6640.0,-324,38,2811.0,2540,2396
6644.0,-256,29,2557.0,2542,2398
6648.0,-144,21,2229.0,2545,2401
6652.0,-64,12,1792.0,2548,2403
6656.0,-36,10,1773.0,2551,2405
6660.0,-36,11,1643.0,2554,2405
6664.0,-25,11,1630.0,2556,2405
6668.0,-25,14,1796.0,2558,2407
6672.0,-25,14,1826.0,2559,2407
6676.0,-4,15,1979.0,2562,2407
6680.0,-4,19,2014.0,2562,2407
6684.0,-16,22,2205.0,2562,2408
6688.0,-16,23,2101.0,2562,2408
6692.0,-4,23,2103.0,2564,2410
6696.0,-36,23,1930.0,2566,2412
6700.0,-64,26,1870.0,2566,2416
6704.0,-144,23,1920.0,2566,2417
6708.0,-169,22,2008.0,2566,2417
6712.0,-225,25,2111.0,2567,2417
6716.0,-324,30,2225.0,2567,2417
6720.0,-361,27,2201.0,2567,2417
6724.0,-225,25,2319.0,2569,2418
6728.0,-121,30,2265.0,2572,2421
6732.0,-100,32,2313.0,2574,2421
6736.0,-100,31,2419.0,2576,2421
6740.0,-25,31,2618.0,2578,2421
6744.0,-9,34,2641.0,2578,2421
6748.0,-25,33,2626.0,2579,2422
6752.0,-16,31,2513.0,2581,2423
6756.0,-25,29,2437.0,2582,2425
6760.0,-49,28,2346.0,2583,2428
6764.0,-121,26,2224.0,2583,2431
6768.0,-169,22,2208.0,2583,2433
6772.0,-196,22,2340.0,2584,2433
6776.0,-256,23,2403.0,2584,2433
6780.0,-289,23,2350.0,2584,2435
6784.0,-225,23,2419.0,2586,2436
6788.0,-121,25,2434.0,2588,2436
6792.0,-81,24,2392.0,2592,2436
6796.0,-49,27,2489.0,2592,2437
6800.0,-49,29,2662.0,2594,2438
6804.0,-9,28,2591.0,2595,2439
6808.0,-36,28,2485.0,2595,2441
6812.0,-81,26,2339.0,2595,2443
6816.0,-64,24,2275.0,2597,2445
6820.0,-121,24,2165.0,2598,2449
6824.0,-196,21,2203.0,2598,2451
6828.0,-225,20,2328.0,2599,2451
6832.0,-256,26,2419.0,2599,2451
6836.0,-361,28,2612.0,2599,2451
6840.0,-361,28,2704.0,2599,2451
6844.0,-361,31,2884.0,2599,2453
6848.0,-441,30,2857.0,2599,2455
6852.0,-289,27,2855.0,2601,2455
6856.0,-121,30,2824.0,2605,2455
6860.0,-100,29,2676.0,2607,2455
6864.0,-36,28,2592.0,2611,2456
6868.0,-9,31,2660.0,2613,2457
6872.0,-9,32,2555.0,2614,2457
6876.0,-25,26,2534.0,2614,2459
6880.0,-25,24,2375.0,2616,2463
6884.0,-49,21,2245.0,2617,2465
6888.0,-81,16,2235.0,2617,2468
6892.0,-100,16,2353.0,2617,2468
6896.0,-121,20,2483.0,2618,2468
6900.0,-144,19,2496.0,2618,2468
6904.0,-100,20,2569.0,2620,2468
6908.0,-100,22,2555.0,2622,2470
6912.0,-81,26,2580.0,2625,2471
6916.0,-64,23,2695.0,2626,2471
6920.0,-16,22,2742.0,2627,2471
6924.0,-9,29,2848.0,2627,2473
6928.0,-25,29,2783.0,2629,2474
6932.0,-49,30,2728.0,2630,2476
6936.0,-81,27,2571.0,2630,2479
6940.0,-121,26,2476.0,2631,2481
6944.0,-225,25,2645.0,2631,2483
6948.0,-324,24,2780.0,2631,2483
6952.0,-361,27,2857.0,2631,2483
6956.0,-400,25,2834.0,2631,2485
6960.0,-289,26,2806.0,2634,2486
6964.0,-169,27,2821.0,2636,2486
6968.0,-121,30,2683.0,2639,2486
6972.0,-121,28,2732.0,2641,2486
6976.0,-49,24,2787.0,2644,2487
6980.0,-4,29,2816.0,2645,2488
6984.0,-16,35,2929.0,2647,2489
6988.0,-36,36,3061.0,2648,2490
6992.0,-49,33,2966.0,2650,2491
6996.0,-64,29,2741.0,2651,2494
7000.0,-100,26,2534.0,2651,2497
7004.0,-121,20,2356.0,2651,2500
